user_login,user_email,first_name,last_name,site_url,user_pass,user_role
user_YodgE4tdbl48TN,9q1OjLd1zW8@nomail.co,MlXkyUA9T7WP,FgydmwSHE,9RkIY9nDXVhAnLV.com,qQvlh7Sw0fSpyQ8rjK,editor
user_W7IAnHeTBv48UoMm1,16cnleS7Kx0p@nomail.co,M3WMwrmA,jGqhk1wPep,5ukkQ1wwVfhucxdm.com,QUrTPy0QVSB125EeHgvG,author
user_t7W9JxsDpYtdgtmCF,FDfWyVscQ@nomail.co,wnXZRScOP,MXDYdGSH65q,SgFO6voTQOhmTCSD.com,5oFDygc5xH5mks,author
user_dwj8scR06kNNpVAU,BZKhHbBDLb@nomail.co,OHck4Vd3a,GIq0Vj3HPb,1i20aCbhBXy5RYq.com,XMFzK6I5TsNRs1,editor
user_zc4QblkuyKVg6,AzZ0IjQy@nomail.co,jVrY6fj5,6sbqzJ5w8,fVPDsIcvUJHAU.com,Kpu3Wr7j0uCCG4XMQw,author
user_81om8Pa9ybSxP70g,j2o8f2R9UTu@nomail.co,Ss0fzqEscR6o,SzgetsnMkdy,riVdXolZ2QmBqT.com,Mi8fTmt4Y7CPSNR4zNoC,editor
user_bVEWdgzvYlGFuc,kKUkH2Np@nomail.co,5EiuICgm,KrPnyjxcQRI,IUc57RECGJSo0.com,3E7Euet8nQBElrY3r,author
user_48uUbPK2ZodY42c4,TwY8riCe@nomail.co,JXklukjIP,KxjFA2J1tS3,sJqInMCGFeMn3Lrb0U2v.com,OXdBODXPfpMEkmruDAVG,author
user_HbfHxoGEbY2ZeSr4wf,RrnY3qbzd@nomail.co,VtuGv3wAwLy,RbkdeXxx,8HTLjW8kkoPw5VIHNEVK.com,7tLXRPUTTI,editor
user_X20MpR9apwC07R,e2sBul85SZY@nomail.co,fMQipgnh,MBy4e6KPkmEJ,JFAdJGNouK6u.com,vp05r5RAmfgiFau,editor
user_pLu7l3TErqzV4,w4TYA1vNq9@nomail.co,NPihbcvn,1qo9Dg4Lw,nLEFL21pYlAhN.com,C6Lvsd6s1UbF,author
user_btWYQM4hfeGNcJRQiR,M0PZoZiThqJ@nomail.co,1Gp2ktL0X,AArISwjgefTj,3w4yqjCqMYRHzBK.com,Hb30hBYr4Yox,editor
user_D6iO4TOYkJJ6d4,AJO5a6vuAR6@nomail.co,1DJGNQEo7ZQ,ivm6gPq6g,JEuWm671CYuZh.com,eJuMbZ0Nj7E0ysk4Afhx,author
user_V5Rsj9CtDRrpL0bmk,lwxqS3OblatX@nomail.co,hMKcelQajYts,buZgVH6l,jwhMiTqVWp6Q3v68.com,quECme3cp5O1,editor
user_9hJEf9aMc7HI5,ZR6pDc0Zher@nomail.co,oL4Mz2glb,m2VVsLtY8z,AkOuw1Q2YSQ.com,m19zyp1N6o,author
user_g3hIpm5JjI0kHi,Lf2mXIRV0@nomail.co,sVhPUJVWic,yMAI068WHF,zuBByMrzldkyfJ3.com,T28uQ6fpRNtvOyISw,editor
user_zz0rMEZyep65PYuGj,X1eQVg6wc3Qt@nomail.co,UPAdvlVI,viQRlvtL,UGdw9oF7pAUNR.com,ef2SJiFm2IGXS,author
user_wJoK2v3aqP2vWAmJIT,z0mMrqu5TE@nomail.co,t1LGdwnq5HW,QUjY1hj4,8WdPg0rJV8QgbuCX.com,3akvKH68sCJ,author
user_8E7YiwALOx3sakiMI,p3PBcZHi@nomail.co,yFNBJgQV,cOzAgA2o8h,fxz3ySb7ik091d6nBA.com,O2yykYtfQm3t,author
user_S2IjwhtfKgrrhiX0aL,b8E48EBxc@nomail.co,rcPp6MIa8a,OGWctf8abk,W3rHQ4QtADWZas8Ebs1.com,dpuOefaaetGH3p4k,editor
user_uBXnKXs0rD9Sa,pyMYJ1yASLp@nomail.co,iYW6y2Ot,vuaPIUMa,UxUY9hVm9BdqRE9TMWe.com,FQQvOCzkyu,editor
user_turWmnfZvVyJh0,L727auybJq@nomail.co,fXHpJy9t7,jCx6uk4l7ELs,LCoBBheiw2Ng7upePmGU.com,NLRgBdPXSP1Pvy2adQ8i,editor
user_1nWjyZJGTJca,z5UqTAUX@nomail.co,0avIJTgu,xRPQ8TofIqq,yXO6hfy1Q3Vw9Ua.com,j8TSw2j4TE,author
user_CpCZuDTrreJY3P,QPILr5kl@nomail.co,7hCq30bo3J,Aaw6BftVjW,ORMIkqfCf6D.com,dQCMmYatmIIUYt7S2D,author
user_4y7Zupy3mqGH,ueFiN860jB@nomail.co,4hPOeBubvI9r,imBwX6RLL7q,ijc8sq2ypibVcSfvEdr.com,sglDJHSTNs7pa1cEgdzx,editor
user_ygMLU2r88fRZgO,7CjdcishHK7X@nomail.co,eOsF5x1LgDy,aq3BXYeuoR,6KBPADTGN4SRrEvewjw.com,V9w1Xnq5HBGZz,author
user_7mQ5NWZEWoyq,2Fl4K6lxvaP@nomail.co,bRNuLfAb9,dEfZ8AEFxWLD,8VdJKv50l2giLmJZet.com,Es7PQrHcvSBIv,author
user_mzJtXPl9rFPPYs9TjL,5XI7Ajak@nomail.co,AmhleDjsCL,OjuPVNkre3,OvkQjM2Jyzr.com,KWcBTCFFCn4bjY7gXH0u,editor
user_RYBng5eWwtb40kl7FC,8FR6vxGxLt@nomail.co,rCZlv1owhH,gRRP97w61z,XcSSIXnd3yzmHu64F3.com,YptRyitGfTlGk,editor
user_CVD5U8D7DKm0fjWH5j,s4rH6V7RqgC@nomail.co,OCozKV52fWY,F5zaIuNFtOe,ibeR3FeFoT.com,VVLfKEpwR8SKR,editor
user_XG70yKiBJLKYN,UwAlTTB8X@nomail.co,xuRO2RVK3s,iW0NeIMCm8ug,Nhk6vzOSDC8BN.com,A9D1k73g3ItuU,editor
user_DUmrfO4Ki2MICa4,m1kHcM8HC@nomail.co,MzqkSktCUPp,osgCgoKrjG,RKABAe0wIAY8MN6dIxMe.com,dBuScUiGgTMH0jaoGUtN,editor
user_qOg3t0fvJjeN5,IvCHKNeNr9@nomail.co,KVDY8lIk3,IEsmT3LPQ3PC,8vvdn0WU87m4.com,deb3JRlJjGWdG,editor
user_9ONYyjfD3vxz,Bl010GscWLJ@nomail.co,wqdeUohA,WKBuzMoVN9,rkOQBWhEIeTSZu.com,4Va1Z9oIkd0laJ,author
user_javk3u4wbziQMx,FILZJtdPK8gu@nomail.co,c6fmJTSPcIoj,dFergyYep,vTOd2gVqAb.com,pWInx2XUcz1,editor
